{
    "metadata": {},
    "id": "05b548ea-af9d-46ba-4d79-53514c2d444d",
    "dashboardMetadata": {
        "name": "MySQL Overview",
        "shared": false,
        "sharingDetails": {
            "linkShared": true,
            "published": false
        },
        "dashboardFilter": {
            "timeframe": "",
            "managementZone": null
        }
    },
    "tiles": [
        {
            "name": "Custom chart",
            "tileType": "CUSTOM_CHARTING",
            "configured": true,
            "bounds": {
                "top": 342,
                "left": 0,
                "width": 304,
                "height": 304
            },
            "tileFilter": {
                "timeframe": null,
                "managementZone": null
            },
            "filterConfig": {
                "type": "MIXED",
                "customName": "Connection Errors By Database",
                "defaultName": "Custom chart",
                "chartConfig": {
                    "legendShown": true,
                    "type": "TIMESERIES",
                    "series": [
                        {
                            "metric": "ext:tech.remote.mysql.connection_errors_max_connections",
                            "aggregation": "MAX",
                            "percentile": null,
                            "type": "BAR",
                            "entityType": "IOT",
                            "dimensions": [
                                {
                                    "id": "0",
                                    "name": "dt.entity.custom_device",
                                    "values": [],
                                    "entityDimension": true
                                }
                            ],
                            "sortAscending": false,
                            "aggregationRate": "TOTAL",
                            "sortColumn": true
                        }
                    ],
                    "resultMetadata": {
                        "CUSTOM_DEVICE-1A6059C172916BAA¦CUSTOM_DEVICE»CUSTOM_DEVICE-1A6059C172916BAA»trueext:tech.remote.mysql.connection_errors_max_connections|MAX|TOTAL|BAR|IOT": {
                            "lastModified": 1600206068564,
                            "customColor": "#dc172a"
                        }
                    }
                },
                "filtersPerEntityType": {}
            }
        },
        {
            "name": "Custom chart",
            "tileType": "CUSTOM_CHARTING",
            "configured": true,
            "bounds": {
                "top": 38,
                "left": 608,
                "width": 304,
                "height": 304
            },
            "tileFilter": {
                "timeframe": null,
                "managementZone": null
            },
            "filterConfig": {
                "type": "MIXED",
                "customName": "Connections By Database",
                "defaultName": "Custom chart",
                "chartConfig": {
                    "legendShown": true,
                    "type": "TIMESERIES",
                    "series": [
                        {
                            "metric": "ext:tech.remote.mysql.threads_connected",
                            "aggregation": "AVG",
                            "percentile": null,
                            "type": "BAR",
                            "entityType": "IOT",
                            "dimensions": [
                                {
                                    "id": "0",
                                    "name": "dt.entity.custom_device",
                                    "values": [],
                                    "entityDimension": true
                                }
                            ],
                            "sortAscending": false,
                            "aggregationRate": "TOTAL",
                            "sortColumn": true
                        }
                    ],
                    "resultMetadata": {}
                },
                "filtersPerEntityType": {}
            }
        },
        {
            "name": "Custom chart",
            "tileType": "CUSTOM_CHARTING",
            "configured": true,
            "bounds": {
                "top": 342,
                "left": 608,
                "width": 304,
                "height": 304
            },
            "tileFilter": {
                "timeframe": null,
                "managementZone": null
            },
            "filterConfig": {
                "type": "MIXED",
                "customName": "Queries By Database",
                "defaultName": "Custom chart",
                "chartConfig": {
                    "legendShown": true,
                    "type": "TIMESERIES",
                    "series": [
                        {
                            "metric": "ext:tech.remote.mysql.queries",
                            "aggregation": "AVG",
                            "percentile": null,
                            "type": "AREA",
                            "entityType": "IOT",
                            "dimensions": [
                                {
                                    "id": "0",
                                    "name": "dt.entity.custom_device",
                                    "values": [],
                                    "entityDimension": true
                                }
                            ],
                            "sortAscending": false,
                            "aggregationRate": "TOTAL",
                            "sortColumn": true
                        }
                    ],
                    "resultMetadata": {}
                },
                "filtersPerEntityType": {}
            }
        },
        {
            "name": "Custom chart",
            "tileType": "CUSTOM_CHARTING",
            "configured": true,
            "bounds": {
                "top": 342,
                "left": 912,
                "width": 304,
                "height": 304
            },
            "tileFilter": {
                "timeframe": null,
                "managementZone": null
            },
            "filterConfig": {
                "type": "MIXED",
                "customName": "Questions By Database",
                "defaultName": "Custom chart",
                "chartConfig": {
                    "legendShown": true,
                    "type": "TIMESERIES",
                    "series": [
                        {
                            "metric": "ext:tech.remote.mysql.questions",
                            "aggregation": "AVG",
                            "percentile": null,
                            "type": "AREA",
                            "entityType": "IOT",
                            "dimensions": [
                                {
                                    "id": "0",
                                    "name": "dt.entity.custom_device",
                                    "values": [],
                                    "entityDimension": true
                                }
                            ],
                            "sortAscending": false,
                            "aggregationRate": "TOTAL",
                            "sortColumn": true
                        }
                    ],
                    "resultMetadata": {
                        "CUSTOM_DEVICE-1A6059C172916BAA¦CUSTOM_DEVICE»CUSTOM_DEVICE-1A6059C172916BAA»trueext:tech.remote.mysql.questions|AVG|TOTAL|AREA|IOT": {
                            "lastModified": 1600206126353,
                            "customColor": "#004999"
                        }
                    }
                },
                "filtersPerEntityType": {}
            }
        },
        {
            "name": "Custom chart",
            "tileType": "CUSTOM_CHARTING",
            "configured": true,
            "bounds": {
                "top": 38,
                "left": 912,
                "width": 304,
                "height": 304
            },
            "tileFilter": {
                "timeframe": null,
                "managementZone": null
            },
            "filterConfig": {
                "type": "MIXED",
                "customName": "Running Threads By Database",
                "defaultName": "Custom chart",
                "chartConfig": {
                    "legendShown": true,
                    "type": "TIMESERIES",
                    "series": [
                        {
                            "metric": "ext:tech.remote.mysql.threads_running",
                            "aggregation": "AVG",
                            "percentile": null,
                            "type": "LINE",
                            "entityType": "IOT",
                            "dimensions": [],
                            "sortAscending": false,
                            "aggregationRate": "TOTAL",
                            "sortColumn": true
                        }
                    ],
                    "resultMetadata": {}
                },
                "filtersPerEntityType": {}
            }
        },
        {
            "name": "Usage",
            "tileType": "HEADER",
            "configured": true,
            "bounds": {
                "top": 0,
                "left": 608,
                "width": 608,
                "height": 38
            },
            "tileFilter": {
                "timeframe": null,
                "managementZone": null
            }
        },
        {
            "name": "Errors",
            "tileType": "HEADER",
            "configured": true,
            "bounds": {
                "top": 304,
                "left": 0,
                "width": 608,
                "height": 38
            },
            "tileFilter": {
                "timeframe": null,
                "managementZone": null
            }
        },
        {
            "name": "Custom chart",
            "tileType": "CUSTOM_CHARTING",
            "configured": true,
            "bounds": {
                "top": 342,
                "left": 304,
                "width": 304,
                "height": 304
            },
            "tileFilter": {
                "timeframe": null,
                "managementZone": null
            },
            "filterConfig": {
                "type": "MIXED",
                "customName": "Slow Queries By Database",
                "defaultName": "Custom chart",
                "chartConfig": {
                    "legendShown": true,
                    "type": "TIMESERIES",
                    "series": [
                        {
                            "metric": "ext:tech.remote.mysql.slow_queries",
                            "aggregation": "MAX",
                            "percentile": null,
                            "type": "BAR",
                            "entityType": "IOT",
                            "dimensions": [
                                {
                                    "id": "0",
                                    "name": "dt.entity.custom_device",
                                    "values": [],
                                    "entityDimension": true
                                }
                            ],
                            "sortAscending": false,
                            "aggregationRate": "TOTAL",
                            "sortColumn": true
                        }
                    ],
                    "resultMetadata": {
                        "CUSTOM_DEVICE-1A6059C172916BAA¦CUSTOM_DEVICE»CUSTOM_DEVICE-1A6059C172916BAA»trueext:tech.remote.mysql.slow_queries|MAX|TOTAL|BAR|IOT": {
                            "lastModified": 1600206089554,
                            "customColor": "#f5d30f"
                        }
                    }
                },
                "filtersPerEntityType": {}
            }
        },
        {
            "name": "Markdown",
            "tileType": "MARKDOWN",
            "configured": true,
            "bounds": {
                "top": 0,
                "left": 0,
                "width": 608,
                "height": 304
            },
            "tileFilter": {
                "timeframe": null,
                "managementZone": null
            },
            "markdown": "This dashboard shows data about MySQL Databases. Included are usage statistics broken down by each database as well as errors associated to each database. \n\n##Metrics\n* **Connected Threads** - Total number of connections (includes running threads)\n* **Running Threads** - Number of threads currently executing on the database. \n* **Queries** - Total number of statements executed, includes stored programs.\n* **Questions** - Total number of statements executed, does not include stored programs.\n* **Connection Errors** - Number of connection errors\n* **Slow Queries** - Number of slow queries"
        }
    ]
}
