{
  "version": "1.002",
  "productiveMinVersion": "1.000",
  "name": "custom.remote.python.mysql",
  "type": "python",
  "metricGroup": "tech.remote.mysql",
  "entity": "CUSTOM_DEVICE",
  "technologies": ["MYSQL"],
  "ui": {
    "keyMetrics": [
      {
        "key": "threads_connected",
        "aggregation": "avg",
        "mergeaggregation": "sum",
        "displayname": "Connections"
      },
      {
        "key": "queries",
        "aggregation": "avg",
        "mergeaggregation": "sum",
        "displayname": "Queries"
      }
    ],
    "keyCharts": [
      {
        "title": "Connections",
        "group": "MySQL metrics",
        "series": [
          {
            "key": "threads_connected",
            "displayname": "Connections",
            "rightaxis": false,
            "color": "#b4e5f9",
            "seriestype": "bar",
            "mergeaggregation": "sum"
          },
          {
            "key": "connection_errors_max_connections",
            "displayname": "Connection errors",
            "color": "#004999",
            "seriestype": "line",
            "mergeaggregation": "sum"
          }
        ]
      },
      {
        "title": "Throughput",
        "group": "MySQL metrics",
        "series": [
          {
            "key": "queries",
            "displayname": "Queries",
            "rightaxis": false,
            "color": "#b4e5f9",
            "seriestype": "bar",
            "mergeaggregation": "sum",
            "stacked": true
          },
          {
            "key": "questions",
            "displayname": "Questions",
            "color": "rgba(0, 140, 219, 0.8)",
            "seriestype": "bar",
            "mergeaggregation": "sum",
            "stacked": true
          },
          {
            "key": "slow_queries",
            "displayname": "Slow Queries",
            "color": "#004999",
            "seriestype": "line",
            "mergeaggregation": "sum"
          }
        ]
      },
      {
        "title": "Threads",
        "group": "MySQL metrics",
        "series": [
          {
            "key": "threads_connected",
            "displayname": "Connected",
            "rightaxis": false,
            "color": "rgba(42, 182, 244, 0.8)",
            "seriestype": "line",
            "mergeaggregation": "sum"
          },
          {
            "key": "threads_created",
            "displayname": "Created",
            "color": "rgba(0, 140, 219, 0.8)",
            "seriestype": "line",
            "mergeaggregation": "sum"
          },
          {
            "key": "threads_running",
            "displayname": "Running",
            "color": "rgba(0, 73, 153, 0.8)",
            "seriestype": "line",
            "mergeaggregation": "sum"
          }
        ]
      }
    ],
    "charts": [
      {
        "group": "Commands",
        "title": "SQL Commands",
        "series": [
          {
            "key": "com_delete",
            "displayname": "Delete",
            "color": "rgba(224, 244, 252, 0.8)",
            "seriestype": "bar",
            "stacked": true
          },
          {
            "key": "com_delete_multi",
            "displayname": "Delete-multi",
            "color": "rgba(180, 229, 249, 0.8)",
            "seriestype": "bar",
            "stacked": true
          },
          {
            "key": "com_insert",
            "displayname": "Insert",
            "color": "rgba(130, 216, 249, 0.8)",
            "seriestype": "bar",
            "stacked": true
          },
          {
            "key": "com_insert_select",
            "displayname": "Insert-select",
            "color": "rgba(42, 182, 244, 0.8)",
            "seriestype": "bar",
            "stacked": true
          },
          {
            "key": "com_select",
            "displayname": "Select",
            "color": "rgba(0, 166, 251, 0.8)",
            "seriestype": "bar",
            "stacked": true
          },
          {
            "key": "com_replace_select",
            "displayname": "Replace-select",
            "color": "rgba(0, 140, 219, 0.8)",
            "seriestype": "bar",
            "stacked": true
          },
          {
            "key": "com_update",
            "displayname": "Update",
            "color": "rgba(0, 107, 186, 0.8)",
            "seriestype": "bar",
            "stacked": true
          },
          {
            "key": "com_update_multi",
            "displayname": "Update-multi",
            "color": "rgba(0, 73, 153, 0.8)",
            "seriestype": "bar",
            "stacked": true
          }
        ]
      },
      {
        "group": "Query Cache",
        "title": "Query Cache",
        "series": [
          {
            "key": "qcache_hits",
            "displayname": "Hits",
            "color": "rgba(42, 182, 244, 0.8)",
            "seriestype": "bar",
            "stacked": true
          },
          {
            "key": "qcache_not_cached",
            "displayname": "Not Cached",
            "color": "rgba(0, 140, 219, 0.8)",
            "seriestype": "bar",
            "stacked": true
          }
        ]
      },
      {
        "group": "Query Cache",
        "title": "Free Memory",
        "series": [
          {
            "key": "qcache_free_memory",
            "displayname": "Free Memory",
            "color": "rgba(42, 182, 244, 0.8)",
            "seriestype": "line"
          }
        ]
      },
      {
        "group": "Query Cache",
        "title": "Queries in Cache",
        "series": [
          {
            "key": "qcache_queries_in_cache",
            "displayname": "Queries in Cache",
            "color": "rgba(42, 182, 244, 0.8)",
            "seriestype": "line"
          }
        ]
      },
      {
        "group": "InnoDB",
        "title": "InnoDB File I/O",
        "series": [
          {
            "key": "innodb_data_reads",
            "displayname": "Reads",
            "color": "rgba(42, 182, 244, 0.8)",
            "seriestype": "line"
          },
          {
            "key": "innodb_data_writes",
            "displayname": "Writes",
            "color": "rgba(0, 140, 219, 0.8)",
            "seriestype": "line"
          }
        ]
      },
      {
        "group": "InnoDB",
        "title": "InnoDB Buffer Pool",
        "series": [
          {
            "key": "innodb_buffer_pool_size",
            "displayname": "Size",
            "color": "rgba(42, 182, 244, 0.8)",
            "seriestype": "line"
          }
        ]
      },
      {
        "group": "InnoDB",
        "title": "InnoDB Buffer Pool Pages",
        "series": [
          {
            "key": "innodb_buffer_pool_pages_total",
            "displayname": "Total",
            "color": "rgba(180, 229, 249, 0.8)",
            "seriestype": "bar",
            "stacked": true,
            "unit": "Byte"
          },
          {
            "key": "innodb_buffer_pool_pages_dirty",
            "displayname": "Dirty",
            "color": "rgba(42, 182, 244, 0.8)",
            "seriestype": "bar",
            "stacked": true,
            "unit": "Byte"
          },
          {
            "key": "innodb_buffer_pool_pages_free",
            "displayname": "Free",
            "color": "rgba(0, 140, 219, 0.8)",
            "seriestype": "bar",
            "stacked": true,
            "unit": "Byte"
          },
          {
            "key": "innodb_buffer_pool_pages_data",
            "displayname": "Data",
            "color": "rgba(0, 73, 153, 0.8)",
            "seriestype": "bar",
            "stacked": true,
            "unit": "Byte"
          }
        ]
      },
      {
        "group": "Tables",
        "title": "Table locks",
        "series": [
          {
            "key": "table_locks_waited",
            "displayname": "Waited",
            "color": "rgba(42, 182, 244, 0.8)",
            "seriestype": "line"
          },
          {
            "key": "table_locks_immediate",
            "displayname": "Immediate",
            "color": "rgba(0, 140, 219, 0.8)",
            "seriestype": "line"
          }
        ]
      },
      {
        "group": "Tables",
        "title": "Created temporary tables",
        "series": [
          {
            "key": "created_tmp_disk_tables",
            "displayname": "Disk tables",
            "color": "#b4e5f9",
            "seriestype": "line"
          },
          {
            "key": "created_tmp_tables",
            "displayname": "Tables",
            "color": "#004999",
            "seriestype": "line"
          }
        ]
      }
    ]
  },
  "source": {
    "package": "remote_mysql",
    "className": "RemoteMySqlPlugin",
    "activation": "Singleton",
    "install_requires": ["pymysql",
        "pymysql[rsa]",
        "cryptography==3.0",
        "six>=1.4.1",
        "cffi!=1.11.3",
        "pycparser",
        "pymysql[ed25519]",
        "PyNaCl>=1.4.0"]
  },
  "configUI": {
    "displayName": "MySQL Remote Monitoring",
    "properties": [
      {
        "key": "connection_user",
        "displayName": "User",
        "displayOrder": 1
      },
      {
        "key": "connection_password",
        "displayName": "Password",
        "displayOrder": 2
      },
      {
        "key": "connection_host",
        "displayName": "Host Name",
        "displayOrder": 3
    },
      {
        "key": "connection_port",
        "displayName": "Port number",
        "displayOrder": 4
      }
    ]
  },
  "metrics": [
    {
      "timeseries": {
        "key": "threads_connected",
        "unit": "PerMinute",
        "dimensions": [],
        "displayname":"connected threads"
      }
    },
    {
      "timeseries": {
        "key": "connection_errors_max_connections",
        "unit": "PerMinute",
        "dimensions": [],
        "displayname":"connection errors"
      }
    },
    {
      "timeseries": {
        "key": "queries",
        "unit": "PerMinute",
        "dimensions": [],
        "displayname":"queries"
      }
    },
    {
      "timeseries": {
        "key": "slow_queries",
        "unit": "PerMinute",
        "dimensions": [],
        "displayname":"slow queries"
      }
    },
    {
      "timeseries": {
        "key": "questions",
        "unit": "PerMinute",
        "dimensions": [],
        "displayname":"questions"
      }
    },
    {
      "timeseries": {
        "key": "created_tmp_disk_tables",
        "unit": "PerMinute",
        "dimensions": [],
        "displayname": "created tmp disktables"
      }
    },
    {
      "timeseries": {
        "key": "table_locks_waited",
        "unit": "PerMinute",
        "dimensions": [],
        "displayname": "table locks waited"
      }
    },
    {
      "timeseries": {
        "key": "table_locks_immediate",
        "unit": "PerMinute",
        "dimensions": [],
        "displayname": "table locks immediate"
      }
    },
    {
      "timeseries": {
        "key": "innodb_buffer_pool_pages_total",
        "unit": "Count",
        "dimensions": [],
        "displayname":"innodb buffer pool pages total"
      }
    },
    {
      "timeseries": {
        "key": "innodb_buffer_pool_pages_dirty",
        "unit": "Count",
        "dimensions": [],
        "displayname": "innodb buffer pool pages dirty"
      }
    },
    {
      "timeseries": {
        "key": "innodb_buffer_pool_pages_free",
        "unit": "Count",
        "dimensions": [],
        "displayname": "innodb buffer pool pages free"
      }
    },
    {
      "timeseries": {
        "key": "innodb_buffer_pool_pages_data",
        "unit": "Count",
        "dimensions": [],
        "displayname": "innodb buffer pool pages data"
      }
    },
    {
      "timeseries": {
        "key": "threads_created",
        "unit": "PerMinute",
        "dimensions": [],
        "displayname": "created threads"
      }
    },
    {
      "timeseries": {
        "key": "threads_running",
        "unit": "PerMinute",
        "dimensions": [],
        "displayname": "running threads"
      }
    },
    {
      "timeseries": {
        "key": "innodb_buffer_pool_size",
        "unit": "Byte",
        "dimensions": [],
        "displayname": "innodb buffer pool size"
      }
    },
    {
      "timeseries": {
        "key": "innodb_data_reads",
        "unit": "PerSecond",
        "dimensions": [],
        "displayname": "innodb data reads"
      }
    },
    {
      "timeseries": {
        "key": "innodb_data_writes",
        "unit": "PerSecond",
        "dimensions": [],
        "displayname": "innodb data writes"
      }
    },
    {
      "timeseries": {
        "key": "com_delete",
        "unit": "PerSecond",
        "dimensions": [],
        "displayname": "com delete"
      }
    },
    {
      "timeseries": {
        "key": "com_delete_multi",
        "unit": "PerSecond",
        "dimensions": [],
        "displayname":"com delete multi"
      }
    },
    {
      "timeseries": {
        "key": "com_insert",
        "unit": "PerSecond",
        "dimensions": [],
        "displayname":"com insert"
      }
    },
    {
      "timeseries": {
        "key": "com_insert_select",
        "unit": "PerSecond",
        "dimensions": [],
        "displayname": "com insert select"
      }
    },
    {
      "timeseries": {
        "key": "com_update",
        "unit": "PerSecond",
        "dimensions": [],
        "displayname": "com update"
      }
    },
    {
      "timeseries": {
        "key": "com_update_multi",
        "unit": "PerSecond",
        "dimensions": [],
        "displayname": "com update multi"
      }
    },
    {
      "timeseries": {
        "key": "com_select",
        "unit": "PerSecond",
        "dimensions": [],
        "displayname": "com select"
      }
    },
    {
      "timeseries": {
        "key": "com_replace_select",
        "unit": "PerSecond",
        "dimensions": [],
        "displayname": "com replace select"
      }
    },
    {
      "timeseries": {
        "key": "qcache_hits",
        "unit": "PerSecond",
        "dimensions": [],
        "displayname": "qcache hits"
      }
    },
    {
      "timeseries": {
        "key": "qcache_not_cached",
        "unit": "PerSecond",
        "dimensions": [],
        "displayname": "qcache not cached"
      }
    },
    {
      "timeseries": {
        "key": "qcache_free_memory",
        "unit": "Byte",
        "dimensions": [],
        "displayname": "qcache free memory"
      }
    },
    {
      "timeseries": {
        "key": "qcache_queries_in_cache",
        "unit": "PerSecond",
        "dimensions": [],
        "displayname": "qcache queries in cache"
      }
    },
    {
      "timeseries": {
        "key": "created_tmp_tables",
        "unit": "PerMinute",
        "dimensions": [],
        "displayname": "created tmp tables"
      }
    },
    {
      "timeseries": {
        "key": "slow_queries_rate",
        "unit": "Percent",
        "dimensions": [],
        "displayname": "slow queries rate"
    },
    "alert_settings": [
      {
        "alert_id": "remote_mysql_slow_queries_rate_alert_high",
        "event_type": "PERFORMANCE_EVENT",
        "description":"The {metricname} of {severity} on {entityname} is {alert_condition} the threshold of {threshold}",
        "event_name": "High MySQL slow queries rate",
        "threshold": 10.0,
        "alert_condition": "ABOVE",
        "samples":5,
        "violating_samples":3,
        "dealerting_samples":5
      }
    ]
    }
  ],
  "dashboards":[
      "dashboards/builtin_mysql_dashboard.json"
  ],
  "properties": [
    {
      "key": "connection_user",
      "type": "String"
    },
    {
      "key": "connection_password",
      "type": "Password"
    },
    {
        "key":"connection_host",
        "type":"String"
    },
    {
      "key": "connection_port",
      "type": "Integer",
      "defaultValue": 3306
    }
  ]
}
